[
    {
        "model": "accounts.user",
        "pk": "4bb44f47-51d8-491d-8130-ac9ea02dcab0",
        "fields": {
            "email": "sarah.davis@example.com",
            "first_name": "Sarah",
            "last_name": "Davis",
            "is_superuser": false,
            "is_staff": false,
            "created_at": "2023-11-18T14:30:21.418799",
            "updated_at": "2023-11-18T14:30:21.418799"
        }
    },
    {
        "model": "accounts.user",
        "pk": "e568322d-430f-41d4-9b88-ede158c84823",
        "fields": {
            "email": "anna.davis@example.com",
            "first_name": "Anna",
            "last_name": "Davis",
            "is_superuser": false,
            "is_staff": false,
            "created_at": "2023-11-18T14:30:21.418799",
            "updated_at": "2023-11-18T14:30:21.418799"
        }
    },
    {
        "model": "accounts.user",
        "pk": "0762ca79-661b-48c6-a065-ed83245f65f4",
        "fields": {
            "email": "david.levon@example.com",
            "first_name": "David",
            "last_name": "Levonex",
            "is_superuser": false,
            "is_staff": false,
            "created_at": "2023-11-18T14:30:21.418799",
            "updated_at": "2023-11-18T14:30:21.418799"
        }
    },
    {
        "model": "accounts.user",
        "pk": "2d27a4d9-edfd-4674-96cf-4d3e7588169c",
        "fields": {
            "email": "jane.rodriguez@example.com",
            "first_name": "Jane",
            "last_name": "Rodriguez",
            "is_superuser": false,
            "is_staff": false,
            "created_at": "2023-11-18T14:30:21.418799",
            "updated_at": "2023-11-18T14:30:21.418799"
        }
    },
    {
        "model": "accounts.user",
        "pk": "b4d950d5-fd9e-4fd6-ae0e-6053427f013b",
        "fields": {
            "email": "anna.martinez@example.com",
            "first_name": "Anna",
            "last_name": "Martinez",
            "is_superuser": false,
            "is_staff": false,
            "created_at": "2023-11-18T14:30:21.418799",
            "updated_at": "2023-11-18T14:30:21.418799"
        }
    },
    {
        "model": "accounts.user",
        "pk": "b08290b1-8089-440e-8ee0-28535a62ff23",
        "fields": {
            "email": "david.brown@example.com",
            "first_name": "David",
            "last_name": "Brown",
            "is_superuser": false,
            "is_staff": false,
            "created_at": "2023-11-18T14:30:21.418799",
            "updated_at": "2023-11-18T14:30:21.418799"
        }
    },
    {
        "model": "accounts.user",
        "pk": "d9ef37bc-2de4-4d51-9133-7b410ce1d08f",
        "fields": {
            "email": "sarah.smith@example.com",
            "first_name": "Sarah",
            "last_name": "Smith",
            "is_superuser": false,
            "is_staff": false,
            "created_at": "2023-11-18T14:30:21.418799",
            "updated_at": "2023-11-18T14:30:21.418799"
        }
    },
    {
        "model": "accounts.user",
        "pk": "63d5fc05-6d02-4a94-82c0-d442e4bdb902",
        "fields": {
            "email": "mike.brown@example.com",
            "first_name": "Mike",
            "last_name": "Brown",
            "is_superuser": false,
            "is_staff": false,
            "created_at": "2023-11-18T14:30:21.418799",
            "updated_at": "2023-11-18T14:30:21.418799"
        }
    },
    {
        "model": "accounts.user",
        "pk": "b1b430a4-03e5-41ad-a1b1-168737e84c00",
        "fields": {
            "email": "chris.johnson@example.com",
            "first_name": "Chris",
            "last_name": "Johnson",
            "is_superuser": false,
            "is_staff": false,
            "created_at": "2023-11-18T14:30:21.418799",
            "updated_at": "2023-11-18T14:30:21.418799"
        }
    },
    {
        "model": "accounts.user",
        "pk": "8054f888-9714-4f27-8f96-afbb65688998",
        "fields": {
            "email": "emily.rodriguez@example.com",
            "first_name": "Emily",
            "last_name": "Rodriguez",
            "is_superuser": false,
            "is_staff": false,
            "created_at": "2023-11-18T14:30:21.418799",
            "updated_at": "2023-11-18T14:30:21.418799"
        }
    },
    {
        "model": "accounts.user",
        "pk": "240a9392-56f9-46d5-b619-244ef14cfe10",
        "fields": {
            "email": "john.williams@example.com",
            "first_name": "John",
            "last_name": "Williams",
            "is_superuser": false,
            "is_staff": false,
            "created_at": "2023-11-18T14:30:21.418799",
            "updated_at": "2023-11-18T14:30:21.418799"
        }
    },
    {
        "model": "accounts.user",
        "pk": "3cbac43b-4c7e-411d-b1f8-0a3da01f7898",
        "fields": {
            "email": "david.davis@example.com",
            "first_name": "David",
            "last_name": "Davis",
            "is_superuser": false,
            "is_staff": false,
            "created_at": "2023-11-18T14:30:21.418799",
            "updated_at": "2023-11-18T14:30:21.418799"
        }
    },
    {
        "model": "accounts.user",
        "pk": "1a122dde-f68c-4e13-9ca5-0ca84fbcddcf",
        "fields": {
            "email": "david.rodriguez@example.com",
            "first_name": "David",
            "last_name": "Rodriguez",
            "is_superuser": false,
            "is_staff": false,
            "created_at": "2023-11-18T14:30:21.418799",
            "updated_at": "2023-11-18T14:30:21.418799"
        }
    },
    {
        "model": "accounts.user",
        "pk": "2b8ac8e9-8b47-46a0-a111-39732e195984",
        "fields": {
            "email": "laura.miller@example.com",
            "first_name": "Laura",
            "last_name": "Miller",
            "is_superuser": false,
            "is_staff": false,
            "created_at": "2023-11-18T14:30:21.418799",
            "updated_at": "2023-11-18T14:30:21.418799"
        }
    },
    {
        "model": "accounts.user",
        "pk": "0ad600ad-4e2d-49b0-9c75-20ed11db2a50",
        "fields": {
            "email": "laura.rodriguez@example.com",
            "first_name": "Laura",
            "last_name": "Rodriguez",
            "is_superuser": false,
            "is_staff": false,
            "created_at": "2023-11-18T14:30:21.418799",
            "updated_at": "2023-11-18T14:30:21.418799"
        }
    },
    {
        "model": "accounts.user",
        "pk": "e4dd97fd-586a-44bc-9bb7-4984b0ef5183",
        "fields": {
            "email": "david.williams@example.com",
            "first_name": "David",
            "last_name": "Williams",
            "is_superuser": false,
            "is_staff": false,
            "created_at": "2023-11-18T14:30:21.418799",
            "updated_at": "2023-11-18T14:30:21.418799"
        }
    },
    {
        "model": "accounts.user",
        "pk": "da55e0bc-8e17-402c-895e-3122aa915228",
        "fields": {
            "email": "sarah.martinez@example.com",
            "first_name": "Sarah",
            "last_name": "Martinez",
            "is_superuser": false,
            "is_staff": false,
            "created_at": "2023-11-18T14:30:21.418799",
            "updated_at": "2023-11-18T14:30:21.418799"
        }
    },
    {
        "model": "accounts.user",
        "pk": "b786f4d1-dfcd-4f7c-ab9c-42c431fc01cb",
        "fields": {
            "email": "laura.rodriguez@example.com",
            "first_name": "Laura",
            "last_name": "Rodriguez",
            "is_superuser": false,
            "is_staff": false,
            "created_at": "2023-11-18T14:30:21.418799",
            "updated_at": "2023-11-18T14:30:21.418799"
        }
    },
    {
        "model": "accounts.user",
        "pk": "f4d0ad11-62bc-40d6-bae3-dc7407ddfb26",
        "fields": {
            "email": "sarah.rodriguez@example.com",
            "first_name": "Sarah",
            "last_name": "Rodriguez",
            "is_superuser": false,
            "is_staff": false,
            "created_at": "2023-11-18T14:30:21.418799",
            "updated_at": "2023-11-18T14:30:21.418799"
        }
    },
    {
        "model": "accounts.user",
        "pk": "da851d42-afea-44e9-854e-849a56fe9135",
        "fields": {
            "email": "jane.garcia@example.com",
            "first_name": "Jane",
            "last_name": "Garcia",
            "is_superuser": false,
            "is_staff": false,
            "created_at": "2023-11-18T14:30:21.418799",
            "updated_at": "2023-11-18T14:30:21.418799"
        }
    },
    {
        "model": "events.event",
        "pk": "69634418-3a3f-4224-9577-b192c299c620",
        "fields": {
            "name": "Gathering on Cooking",
            "creator": "4bb44f47-51d8-491d-8130-ac9ea02dcab0",
            "location": "Murcia",
            "max_people": 10,
            "date": "2023-10-22T14:23:58.532332",
            "description": "Be part of the vibrant community at Gathering on Cooking, where we celebrate creativity and collaboration.",
            "participants": [
                "240a9392-56f9-46d5-b619-244ef14cfe10",
                "3cbac43b-4c7e-411d-b1f8-0a3da01f7898",
                "1a122dde-f68c-4e13-9ca5-0ca84fbcddcf",
                "2b8ac8e9-8b47-46a0-a111-39732e195984",
                "0ad600ad-4e2d-49b0-9c75-20ed11db2a50"
            ],
            "created_at": "2023-11-18T14:30:21.418799",
            "updated_at": "2023-11-18T14:30:21.418799"
        }
    },
    {
        "model": "events.event",
        "pk": "736bfc80-1868-4d5f-9b78-ed581b7323db",
        "fields": {
            "name": "Exhibition on Fashion",
            "creator": "e568322d-430f-41d4-9b88-ede158c84823",
            "location": "Gijon",
            "max_people": 16,
            "date": "2023-01-24T14:23:58.532419",
            "description": "Immerse yourself in the dynamic atmosphere of Exhibition on Fashion, showcasing the best in talent and innovation.",
            "participants": [
                "240a9392-56f9-46d5-b619-244ef14cfe10",
                "3cbac43b-4c7e-411d-b1f8-0a3da01f7898",
                "1a122dde-f68c-4e13-9ca5-0ca84fbcddcf",
                "2b8ac8e9-8b47-46a0-a111-39732e195984",
                "0ad600ad-4e2d-49b0-9c75-20ed11db2a50"
            ],
            "created_at": "2023-11-18T14:30:21.418799",
            "updated_at": "2023-11-18T14:30:21.418799"
        }
    },
    {
        "model": "events.event",
        "pk": "fadc6b0a-01ec-478a-8bb5-d2ba06d6e1e8",
        "fields": {
            "name": "Seminar on Sports",
            "creator": "0762ca79-661b-48c6-a065-ed83245f65f4",
            "location": "Cordoba",
            "max_people": 75,
            "date": "2022-11-25T14:23:58.532506",
            "description": "Connect and grow with like-minded individuals at Seminar on Sports, an event dedicated to enriching experiences.",
            "participants": [
                "240a9392-56f9-46d5-b619-244ef14cfe10",
                "3cbac43b-4c7e-411d-b1f8-0a3da01f7898",
                "1a122dde-f68c-4e13-9ca5-0ca84fbcddcf",
                "2b8ac8e9-8b47-46a0-a111-39732e195984",
                "0ad600ad-4e2d-49b0-9c75-20ed11db2a50"
            ],
            "created_at": "2023-11-18T14:30:21.418799",
            "updated_at": "2023-11-18T14:30:21.418799"
        }
    },
    {
        "model": "events.event",
        "pk": "e66dbeed-4e11-4ebe-8c96-8ec56c806c63",
        "fields": {
            "name": "Gathering on Music",
            "creator": "2d27a4d9-edfd-4674-96cf-4d3e7588169c",
            "location": "Vigo",
            "max_people": 46,
            "date": "2023-10-17T14:23:58.532585",
            "description": "Discover the joy of learning and sharing at Gathering on Music, a perfect blend of fun and knowledge.",
            "participants": [
                "240a9392-56f9-46d5-b619-244ef14cfe10",
                "3cbac43b-4c7e-411d-b1f8-0a3da01f7898",
                "1a122dde-f68c-4e13-9ca5-0ca84fbcddcf",
                "2b8ac8e9-8b47-46a0-a111-39732e195984",
                "0ad600ad-4e2d-49b0-9c75-20ed11db2a50"
            ],
            "created_at": "2023-11-18T14:30:21.418799",
            "updated_at": "2023-11-18T14:30:21.418799"
        }
    },
    {
        "model": "events.event",
        "pk": "defe91c8-c867-44c3-a243-e632994c7e43",
        "fields": {
            "name": "Tour on Literature",
            "creator": "b4d950d5-fd9e-4fd6-ae0e-6053427f013b",
            "location": "Alicante",
            "max_people": 60,
            "date": "2023-10-06T14:23:58.532660",
            "description": "Be part of the vibrant community at Tour on Literature, where we celebrate creativity and collaboration.",
            "participants": [
                "240a9392-56f9-46d5-b619-244ef14cfe10",
                "3cbac43b-4c7e-411d-b1f8-0a3da01f7898",
                "1a122dde-f68c-4e13-9ca5-0ca84fbcddcf",
                "2b8ac8e9-8b47-46a0-a111-39732e195984",
                "0ad600ad-4e2d-49b0-9c75-20ed11db2a50"
            ],
            "created_at": "2023-11-18T14:30:21.418799",
            "updated_at": "2023-11-18T14:30:21.418799"
        }
    },
    {
        "model": "events.event",
        "pk": "172da8f3-ed5c-4d71-9ee1-f390985e4106",
        "fields": {
            "name": "Exhibition on Photography",
            "creator": "b08290b1-8089-440e-8ee0-28535a62ff23",
            "location": "Alicante",
            "max_people": 61,
            "date": "2023-05-06T14:23:58.532701",
            "description": "Immerse yourself in the dynamic atmosphere of Exhibition on Photography, showcasing the best in talent and innovation.",
            "participants": [
                "240a9392-56f9-46d5-b619-244ef14cfe10",
                "3cbac43b-4c7e-411d-b1f8-0a3da01f7898",
                "1a122dde-f68c-4e13-9ca5-0ca84fbcddcf",
                "2b8ac8e9-8b47-46a0-a111-39732e195984",
                "0ad600ad-4e2d-49b0-9c75-20ed11db2a50"
            ],
            "created_at": "2023-11-18T14:30:21.418799",
            "updated_at": "2023-11-18T14:30:21.418799"
        }
    },
    {
        "model": "events.event",
        "pk": "cf530747-acd1-4de5-84ae-a1bcc4658b78",
        "fields": {
            "name": "Concert on Photography",
            "creator": "d9ef37bc-2de4-4d51-9133-7b410ce1d08f",
            "location": "Seville",
            "max_people": 47,
            "date": "2022-12-09T14:23:58.535373",
            "description": "Be part of the vibrant community at Concert on Photography, where we celebrate creativity and collaboration.",
            "participants": [
                "240a9392-56f9-46d5-b619-244ef14cfe10",
                "3cbac43b-4c7e-411d-b1f8-0a3da01f7898",
                "1a122dde-f68c-4e13-9ca5-0ca84fbcddcf",
                "2b8ac8e9-8b47-46a0-a111-39732e195984",
                "0ad600ad-4e2d-49b0-9c75-20ed11db2a50"
            ],
            "created_at": "2023-11-18T14:30:21.418799",
            "updated_at": "2023-11-18T14:30:21.418799"
        }
    },
    {
        "model": "events.event",
        "pk": "be86c262-2c4c-4b38-a669-90970ffb68d5",
        "fields": {
            "name": "Gathering on Literature",
            "creator": "63d5fc05-6d02-4a94-82c0-d442e4bdb902",
            "location": "Vigo",
            "max_people": 16,
            "date": "2022-12-31T14:23:58.535581",
            "description": "Experience the excitement at Gathering on Literature, where we bring together enthusiasts and experts for an unforgettable day.",
            "participants": [
                "240a9392-56f9-46d5-b619-244ef14cfe10",
                "3cbac43b-4c7e-411d-b1f8-0a3da01f7898",
                "1a122dde-f68c-4e13-9ca5-0ca84fbcddcf",
                "2b8ac8e9-8b47-46a0-a111-39732e195984",
                "0ad600ad-4e2d-49b0-9c75-20ed11db2a50"
            ],
            "created_at": "2023-11-18T14:30:21.418799",
            "updated_at": "2023-11-18T14:30:21.418799"
        }
    },
    {
        "model": "events.event",
        "pk": "d67b8bfc-ce2e-4313-869a-b3d6dc435b50",
        "fields": {
            "name": "Tour on Art",
            "creator": "b1b430a4-03e5-41ad-a1b1-168737e84c00",
            "location": "Gijon",
            "max_people": 69,
            "date": "2023-08-12T14:23:58.535722",
            "description": "Immerse yourself in the dynamic atmosphere of Tour on Art, showcasing the best in talent and innovation.",
            "participants": [
                "240a9392-56f9-46d5-b619-244ef14cfe10",
                "3cbac43b-4c7e-411d-b1f8-0a3da01f7898",
                "1a122dde-f68c-4e13-9ca5-0ca84fbcddcf",
                "2b8ac8e9-8b47-46a0-a111-39732e195984",
                "0ad600ad-4e2d-49b0-9c75-20ed11db2a50"
            ],
            "created_at": "2023-11-18T14:30:21.418799",
            "updated_at": "2023-11-18T14:30:21.418799"
        }
    },
    {
        "model": "events.event",
        "pk": "af8758ca-dd8e-48db-b93f-3a7e4aaa06a6",
        "fields": {
            "name": "Marathon on Art",
            "creator": "8054f888-9714-4f27-8f96-afbb65688998",
            "location": "Bilbao",
            "max_people": 6,
            "date": "2022-12-15T14:23:58.538195",
            "description": "Connect and grow with like-minded individuals at Marathon on Art, an event dedicated to enriching experiences.",
            "participants": [
                "240a9392-56f9-46d5-b619-244ef14cfe10",
                "3cbac43b-4c7e-411d-b1f8-0a3da01f7898",
                "1a122dde-f68c-4e13-9ca5-0ca84fbcddcf",
                "2b8ac8e9-8b47-46a0-a111-39732e195984",
                "0ad600ad-4e2d-49b0-9c75-20ed11db2a50"
            ],
            "created_at": "2023-11-18T14:30:21.418799",
            "updated_at": "2023-11-18T14:30:21.418799"
        }
    },
    {
        "model": "review.review",
        "pk": "42333353-b330-434a-baa5-aed069a6cc00",
        "fields": {
            "reviewer": "240a9392-56f9-46d5-b619-244ef14cfe10",
            "reviewee": "4bb44f47-51d8-491d-8130-ac9ea02dcab0",
            "rate": 3,
            "description": "This review is for the organizer of the event. They were attentive, organized, and created a great atmosphere for all attendees.",
            "created_at": "2023-11-18T14:30:21.418799",
            "updated_at": "2023-11-18T14:30:21.418799"
        }
    },
    {
        "model": "review.review",
        "pk": "e63d298f-b3c9-4667-b798-93c189f4db72",
        "fields": {
            "reviewer": "3cbac43b-4c7e-411d-b1f8-0a3da01f7898",
            "reviewee": "e568322d-430f-41d4-9b88-ede158c84823",
            "rate": 1,
            "description": "This review is for the organizer of the event. They were attentive, organized, and created a great atmosphere for all attendees.",
            "created_at": "2023-11-18T14:30:21.418799",
            "updated_at": "2023-11-18T14:30:21.418799"
        }
    },
    {
        "model": "review.review",
        "pk": "f02f8ac3-c231-4396-a80f-d5f216f929be",
        "fields": {
            "reviewer": "1a122dde-f68c-4e13-9ca5-0ca84fbcddcf",
            "reviewee": "0762ca79-661b-48c6-a065-ed83245f65f4",
            "rate": 5,
            "description": "This review is for the organizer of the event. They were attentive, organized, and created a great atmosphere for all attendees.",
            "created_at": "2023-11-18T14:30:21.418799",
            "updated_at": "2023-11-18T14:30:21.418799"
        }
    },
    {
        "model": "review.review",
        "pk": "52dae9ea-dc77-46e3-a0cf-8293b2b4e368",
        "fields": {
            "reviewer": "2b8ac8e9-8b47-46a0-a111-39732e195984",
            "reviewee": "2d27a4d9-edfd-4674-96cf-4d3e7588169c",
            "rate": 3,
            "description": "This review is for the organizer of the event. They were attentive, organized, and created a great atmosphere for all attendees.",
            "created_at": "2023-11-18T14:30:21.418799",
            "updated_at": "2023-11-18T14:30:21.418799"
        }
    },
    {
        "model": "review.review",
        "pk": "bc6235d3-5616-463b-9953-e732dbc2ff3b",
        "fields": {
            "reviewer": "0ad600ad-4e2d-49b0-9c75-20ed11db2a50",
            "reviewee": "b4d950d5-fd9e-4fd6-ae0e-6053427f013b",
            "rate": 3,
            "description": "This review is for the organizer of the event. They were attentive, organized, and created a great atmosphere for all attendees.",
            "created_at": "2023-11-18T14:30:21.418799",
            "updated_at": "2023-11-18T14:30:21.418799"
        }
    },
    {
        "model": "review.review",
        "pk": "6a3afa99-54ea-4a0d-97e6-28e717a19f3c",
        "fields": {
            "reviewer": "e4dd97fd-586a-44bc-9bb7-4984b0ef5183",
            "reviewee": "b08290b1-8089-440e-8ee0-28535a62ff23",
            "rate": 5,
            "description": "This review is for the organizer of the event. They were attentive, organized, and created a great atmosphere for all attendees.",
            "created_at": "2023-11-18T14:30:21.418799",
            "updated_at": "2023-11-18T14:30:21.418799"
        }
    },
    {
        "model": "review.review",
        "pk": "494d5260-ab8c-4f55-84fa-dfdf01174464",
        "fields": {
            "reviewer": "da55e0bc-8e17-402c-895e-3122aa915228",
            "reviewee": "d9ef37bc-2de4-4d51-9133-7b410ce1d08f",
            "rate": 2,
            "description": "This review is for the organizer of the event. They were attentive, organized, and created a great atmosphere for all attendees.",
            "created_at": "2023-11-18T14:30:21.418799",
            "updated_at": "2023-11-18T14:30:21.418799"
        }
    },
    {
        "model": "review.review",
        "pk": "d0a641a6-9633-4126-833f-966bc3fae851",
        "fields": {
            "reviewer": "b786f4d1-dfcd-4f7c-ab9c-42c431fc01cb",
            "reviewee": "63d5fc05-6d02-4a94-82c0-d442e4bdb902",
            "rate": 4,
            "description": "This review is for the organizer of the event. They were attentive, organized, and created a great atmosphere for all attendees.",
            "created_at": "2023-11-18T14:30:21.418799",
            "updated_at": "2023-11-18T14:30:21.418799"
        }
    },
    {
        "model": "review.review",
        "pk": "047916a6-81d8-41a0-8847-0a5804770bfd",
        "fields": {
            "reviewer": "f4d0ad11-62bc-40d6-bae3-dc7407ddfb26",
            "reviewee": "b1b430a4-03e5-41ad-a1b1-168737e84c00",
            "rate": 2,
            "description": "This review is for the organizer of the event. They were attentive, organized, and created a great atmosphere for all attendees.",
            "created_at": "2023-11-18T14:30:21.418799",
            "updated_at": "2023-11-18T14:30:21.418799"
        }
    },
    {
        "model": "review.review",
        "pk": "1c09f54e-c61a-40b9-8ded-775cb2ade5bf",
        "fields": {
            "reviewer": "da851d42-afea-44e9-854e-849a56fe9135",
            "reviewee": "8054f888-9714-4f27-8f96-afbb65688998",
            "rate": 4,
            "description": "This review is for the organizer of the event. They were attentive, organized, and created a great atmosphere for all attendees.",
            "created_at": "2023-11-18T14:30:21.418799",
            "updated_at": "2023-11-18T14:30:21.418799"
        }
    },
    {
        "model": "events.event",
        "pk": 11,
        "fields": {
            "name": "Exhibition on Fashion",
            "location": "Elche",
            "start_date": "2023-11-29",
            "description": "Immerse yourself in the dynamic atmosphere of EventName11, showcasing the best in talent and innovation."
        }
    },
    {
        "model": "events.event",
        "pk": 12,
        "fields": {
            "name": "Festival on Music",
            "location": "Madrid",
            "start_date": "2023-11-30",
            "description": "Experience the excitement at EventName12, where we bring together enthusiasts and experts for an unforgettable day."
        }
    },
    {
        "model": "events.event",
        "pk": 13,
        "fields": {
            "name": "Gathering on Technology",
            "location": "Barcelona",
            "start_date": "2023-12-01",
            "description": "Be part of the vibrant community at EventName13, where we celebrate creativity and collaboration."
        }
    },
    {
        "model": "events.event",
        "pk": 14,
        "fields": {
            "name": "Festival on History",
            "location": "Gijon",
            "start_date": "2023-12-02",
            "description": "Be part of the vibrant community at EventName14, where we celebrate creativity and collaboration."
        }
    },
    {
        "model": "events.event",
        "pk": 15,
        "fields": {
            "name": "Workshop on Technology",
            "location": "Murcia",
            "start_date": "2023-12-03",
            "description": "Connect and grow with like-minded individuals at EventName15, an event dedicated to enriching experiences."
        }
    },
    {
        "model": "events.event",
        "pk": 16,
        "fields": {
            "name": "Marathon on Literature",
            "location": "Elche",
            "start_date": "2023-12-04",
            "description": "Be part of the vibrant community at EventName16, where we celebrate creativity and collaboration."
        }
    },
    {
        "model": "events.event",
        "pk": 17,
        "fields": {
            "name": "Marathon on Photography",
            "location": "Palma",
            "start_date": "2023-12-05",
            "description": "Be part of the vibrant community at EventName17, where we celebrate creativity and collaboration."
        }
    },
    {
        "model": "events.event",
        "pk": 18,
        "fields": {
            "name": "Gathering on Photography",
            "location": "Palma",
            "start_date": "2023-12-06",
            "description": "Connect and grow with like-minded individuals at EventName18, an event dedicated to enriching experiences."
        }
    },
    {
        "model": "events.event",
        "pk": 19,
        "fields": {
            "name": "Workshop on Art",
            "location": "Barcelona",
            "start_date": "2023-12-07",
            "description": "Be part of the vibrant community at EventName19, where we celebrate creativity and collaboration."
        }
    },
    {
        "model": "events.event",
        "pk": 20,
        "fields": {
            "name": "Meetup on Sports",
            "location": "Eixample",
            "start_date": "2023-12-08",
            "description": "Connect and grow with like-minded individuals at EventName20, an event dedicated to enriching experiences."
        }
    }
]