[
    {
        "model": "accounts.user",
        "pk": "4bb44f47-51d8-491d-8130-ac9ea02dcab0",
        "fields": {
            "email": "user0@example.com",
            "first_name": "FirstName0",
            "last_name": "LastName0",
            "is_superuser": false,
            "is_staff": false,
            "created_at": "2023-11-18T14:30:21.418799",
            "updated_at": "2023-11-18T14:30:21.418799"
        }
    },
    {
        "model": "accounts.user",
        "pk": "e568322d-430f-41d4-9b88-ede158c84823",
        "fields": {
            "email": "user1@example.com",
            "first_name": "FirstName1",
            "last_name": "LastName1",
            "is_superuser": false,
            "is_staff": false,
            "created_at": "2023-11-18T14:30:21.418799",
            "updated_at": "2023-11-18T14:30:21.418799"
        }
    },
    {
        "model": "accounts.user",
        "pk": "0762ca79-661b-48c6-a065-ed83245f65f4",
        "fields": {
            "email": "user2@example.com",
            "first_name": "FirstName2",
            "last_name": "LastName2",
            "is_superuser": false,
            "is_staff": false,
            "created_at": "2023-11-18T14:30:21.418799",
            "updated_at": "2023-11-18T14:30:21.418799"
        }
    },
    {
        "model": "accounts.user",
        "pk": "2d27a4d9-edfd-4674-96cf-4d3e7588169c",
        "fields": {
            "email": "user3@example.com",
            "first_name": "FirstName3",
            "last_name": "LastName3",
            "is_superuser": false,
            "is_staff": false,
            "created_at": "2023-11-18T14:30:21.418799",
            "updated_at": "2023-11-18T14:30:21.418799"
        }
    },
    {
        "model": "accounts.user",
        "pk": "b4d950d5-fd9e-4fd6-ae0e-6053427f013b",
        "fields": {
            "email": "user4@example.com",
            "first_name": "FirstName4",
            "last_name": "LastName4",
            "is_superuser": false,
            "is_staff": false,
            "created_at": "2023-11-18T14:30:21.418799",
            "updated_at": "2023-11-18T14:30:21.418799"
        }
    },
    {
        "model": "accounts.user",
        "pk": "b08290b1-8089-440e-8ee0-28535a62ff23",
        "fields": {
            "email": "user5@example.com",
            "first_name": "FirstName5",
            "last_name": "LastName5",
            "is_superuser": false,
            "is_staff": false,
            "created_at": "2023-11-18T14:30:21.418799",
            "updated_at": "2023-11-18T14:30:21.418799"
        }
    },
    {
        "model": "accounts.user",
        "pk": "d9ef37bc-2de4-4d51-9133-7b410ce1d08f",
        "fields": {
            "email": "user6@example.com",
            "first_name": "FirstName6",
            "last_name": "LastName6",
            "is_superuser": false,
            "is_staff": false,
            "created_at": "2023-11-18T14:30:21.418799",
            "updated_at": "2023-11-18T14:30:21.418799"
        }
    },
    {
        "model": "accounts.user",
        "pk": "63d5fc05-6d02-4a94-82c0-d442e4bdb902",
        "fields": {
            "email": "user7@example.com",
            "first_name": "FirstName7",
            "last_name": "LastName7",
            "is_superuser": false,
            "is_staff": false,
            "created_at": "2023-11-18T14:30:21.418799",
            "updated_at": "2023-11-18T14:30:21.418799"
        }
    },
    {
        "model": "accounts.user",
        "pk": "b1b430a4-03e5-41ad-a1b1-168737e84c00",
        "fields": {
            "email": "user8@example.com",
            "first_name": "FirstName8",
            "last_name": "LastName8",
            "is_superuser": false,
            "is_staff": false,
            "created_at": "2023-11-18T14:30:21.418799",
            "updated_at": "2023-11-18T14:30:21.418799"
        }
    },
    {
        "model": "accounts.user",
        "pk": "8054f888-9714-4f27-8f96-afbb65688998",
        "fields": {
            "email": "user9@example.com",
            "first_name": "FirstName9",
            "last_name": "LastName9",
            "is_superuser": false,
            "is_staff": false,
            "created_at": "2023-11-18T14:30:21.418799",
            "updated_at": "2023-11-18T14:30:21.418799"
        }
    },
    {
        "model": "accounts.user",
        "pk": "240a9392-56f9-46d5-b619-244ef14cfe10",
        "fields": {
            "email": "user10@example.com",
            "first_name": "FirstName10",
            "last_name": "LastName10",
            "is_superuser": false,
            "is_staff": false,
            "created_at": "2023-11-18T14:30:21.418799",
            "updated_at": "2023-11-18T14:30:21.418799"
        }
    },
    {
        "model": "accounts.user",
        "pk": "3cbac43b-4c7e-411d-b1f8-0a3da01f7898",
        "fields": {
            "email": "user11@example.com",
            "first_name": "FirstName11",
            "last_name": "LastName11",
            "is_superuser": false,
            "is_staff": false,
            "created_at": "2023-11-18T14:30:21.418799",
            "updated_at": "2023-11-18T14:30:21.418799"
        }
    },
    {
        "model": "accounts.user",
        "pk": "1a122dde-f68c-4e13-9ca5-0ca84fbcddcf",
        "fields": {
            "email": "user12@example.com",
            "first_name": "FirstName12",
            "last_name": "LastName12",
            "is_superuser": false,
            "is_staff": false,
            "created_at": "2023-11-18T14:30:21.418799",
            "updated_at": "2023-11-18T14:30:21.418799"
        }
    },
    {
        "model": "accounts.user",
        "pk": "2b8ac8e9-8b47-46a0-a111-39732e195984",
        "fields": {
            "email": "user13@example.com",
            "first_name": "FirstName13",
            "last_name": "LastName13",
            "is_superuser": false,
            "is_staff": false,
            "created_at": "2023-11-18T14:30:21.418799",
            "updated_at": "2023-11-18T14:30:21.418799"
        }
    },
    {
        "model": "accounts.user",
        "pk": "0ad600ad-4e2d-49b0-9c75-20ed11db2a50",
        "fields": {
            "email": "user14@example.com",
            "first_name": "FirstName14",
            "last_name": "LastName14",
            "is_superuser": false,
            "is_staff": false,
            "created_at": "2023-11-18T14:30:21.418799",
            "updated_at": "2023-11-18T14:30:21.418799"
        }
    },
    {
        "model": "accounts.user",
        "pk": "e4dd97fd-586a-44bc-9bb7-4984b0ef5183",
        "fields": {
            "email": "user15@example.com",
            "first_name": "FirstName15",
            "last_name": "LastName15",
            "is_superuser": false,
            "is_staff": false,
            "created_at": "2023-11-18T14:30:21.418799",
            "updated_at": "2023-11-18T14:30:21.418799"
        }
    },
    {
        "model": "accounts.user",
        "pk": "da55e0bc-8e17-402c-895e-3122aa915228",
        "fields": {
            "email": "user16@example.com",
            "first_name": "FirstName16",
            "last_name": "LastName16",
            "is_superuser": false,
            "is_staff": false,
            "created_at": "2023-11-18T14:30:21.418799",
            "updated_at": "2023-11-18T14:30:21.418799"
        }
    },
    {
        "model": "accounts.user",
        "pk": "b786f4d1-dfcd-4f7c-ab9c-42c431fc01cb",
        "fields": {
            "email": "user17@example.com",
            "first_name": "FirstName17",
            "last_name": "LastName17",
            "is_superuser": false,
            "is_staff": false,
            "created_at": "2023-11-18T14:30:21.418799",
            "updated_at": "2023-11-18T14:30:21.418799"
        }
    },
    {
        "model": "accounts.user",
        "pk": "f4d0ad11-62bc-40d6-bae3-dc7407ddfb26",
        "fields": {
            "email": "user18@example.com",
            "first_name": "FirstName18",
            "last_name": "LastName18",
            "is_superuser": false,
            "is_staff": false,
            "created_at": "2023-11-18T14:30:21.418799",
            "updated_at": "2023-11-18T14:30:21.418799"
        }
    },
    {
        "model": "accounts.user",
        "pk": "da851d42-afea-44e9-854e-849a56fe9135",
        "fields": {
            "email": "user19@example.com",
            "first_name": "FirstName19",
            "last_name": "LastName19",
            "is_superuser": false,
            "is_staff": false,
            "created_at": "2023-11-18T14:30:21.418799",
            "updated_at": "2023-11-18T14:30:21.418799"
        }
    },
    {
        "model": "events.event",
        "pk": "69634418-3a3f-4224-9577-b192c299c620",
        "fields": {
            "name": "EventName0",
            "creator": "4bb44f47-51d8-491d-8130-ac9ea02dcab0",
            "location": "Location0",
            "max_people": 10,
            "date": "2023-10-22T14:23:58.532332",
            "description": "This is the description of EventName0.",
            "participants": [
                "240a9392-56f9-46d5-b619-244ef14cfe10",
                "3cbac43b-4c7e-411d-b1f8-0a3da01f7898",
                "1a122dde-f68c-4e13-9ca5-0ca84fbcddcf",
                "2b8ac8e9-8b47-46a0-a111-39732e195984",
                "0ad600ad-4e2d-49b0-9c75-20ed11db2a50"
            ],
            "created_at": "2023-11-18T14:30:21.418799",
            "updated_at": "2023-11-18T14:30:21.418799"
        }
    },
    {
        "model": "events.event",
        "pk": "736bfc80-1868-4d5f-9b78-ed581b7323db",
        "fields": {
            "name": "EventName1",
            "creator": "e568322d-430f-41d4-9b88-ede158c84823",
            "location": "Location1",
            "max_people": 16,
            "date": "2023-01-24T14:23:58.532419",
            "description": "This is the description of EventName1.",
            "participants": [
                "240a9392-56f9-46d5-b619-244ef14cfe10",
                "3cbac43b-4c7e-411d-b1f8-0a3da01f7898",
                "1a122dde-f68c-4e13-9ca5-0ca84fbcddcf",
                "2b8ac8e9-8b47-46a0-a111-39732e195984",
                "0ad600ad-4e2d-49b0-9c75-20ed11db2a50"
            ],
            "created_at": "2023-11-18T14:30:21.418799",
            "updated_at": "2023-11-18T14:30:21.418799"
        }
    },
    {
        "model": "events.event",
        "pk": "fadc6b0a-01ec-478a-8bb5-d2ba06d6e1e8",
        "fields": {
            "name": "EventName2",
            "creator": "0762ca79-661b-48c6-a065-ed83245f65f4",
            "location": "Location2",
            "max_people": 75,
            "date": "2022-11-25T14:23:58.532506",
            "description": "This is the description of EventName2.",
            "participants": [
                "240a9392-56f9-46d5-b619-244ef14cfe10",
                "3cbac43b-4c7e-411d-b1f8-0a3da01f7898",
                "1a122dde-f68c-4e13-9ca5-0ca84fbcddcf",
                "2b8ac8e9-8b47-46a0-a111-39732e195984",
                "0ad600ad-4e2d-49b0-9c75-20ed11db2a50"
            ],
            "created_at": "2023-11-18T14:30:21.418799",
            "updated_at": "2023-11-18T14:30:21.418799"
        }
    },
    {
        "model": "events.event",
        "pk": "e66dbeed-4e11-4ebe-8c96-8ec56c806c63",
        "fields": {
            "name": "EventName3",
            "creator": "2d27a4d9-edfd-4674-96cf-4d3e7588169c",
            "location": "Location3",
            "max_people": 46,
            "date": "2023-10-17T14:23:58.532585",
            "description": "This is the description of EventName3.",
            "participants": [
                "240a9392-56f9-46d5-b619-244ef14cfe10",
                "3cbac43b-4c7e-411d-b1f8-0a3da01f7898",
                "1a122dde-f68c-4e13-9ca5-0ca84fbcddcf",
                "2b8ac8e9-8b47-46a0-a111-39732e195984",
                "0ad600ad-4e2d-49b0-9c75-20ed11db2a50"
            ],
            "created_at": "2023-11-18T14:30:21.418799",
            "updated_at": "2023-11-18T14:30:21.418799"
        }
    },
    {
        "model": "events.event",
        "pk": "defe91c8-c867-44c3-a243-e632994c7e43",
        "fields": {
            "name": "EventName4",
            "creator": "b4d950d5-fd9e-4fd6-ae0e-6053427f013b",
            "location": "Location4",
            "max_people": 60,
            "date": "2023-10-06T14:23:58.532660",
            "description": "This is the description of EventName4.",
            "participants": [
                "240a9392-56f9-46d5-b619-244ef14cfe10",
                "3cbac43b-4c7e-411d-b1f8-0a3da01f7898",
                "1a122dde-f68c-4e13-9ca5-0ca84fbcddcf",
                "2b8ac8e9-8b47-46a0-a111-39732e195984",
                "0ad600ad-4e2d-49b0-9c75-20ed11db2a50"
            ],
            "created_at": "2023-11-18T14:30:21.418799",
            "updated_at": "2023-11-18T14:30:21.418799"
        }
    },
    {
        "model": "events.event",
        "pk": "172da8f3-ed5c-4d71-9ee1-f390985e4106",
        "fields": {
            "name": "EventName5",
            "creator": "b08290b1-8089-440e-8ee0-28535a62ff23",
            "location": "Location5",
            "max_people": 61,
            "date": "2023-05-06T14:23:58.532701",
            "description": "This is the description of EventName5.",
            "participants": [
                "240a9392-56f9-46d5-b619-244ef14cfe10",
                "3cbac43b-4c7e-411d-b1f8-0a3da01f7898",
                "1a122dde-f68c-4e13-9ca5-0ca84fbcddcf",
                "2b8ac8e9-8b47-46a0-a111-39732e195984",
                "0ad600ad-4e2d-49b0-9c75-20ed11db2a50"
            ],
            "created_at": "2023-11-18T14:30:21.418799",
            "updated_at": "2023-11-18T14:30:21.418799"
        }
    },
    {
        "model": "events.event",
        "pk": "cf530747-acd1-4de5-84ae-a1bcc4658b78",
        "fields": {
            "name": "EventName6",
            "creator": "d9ef37bc-2de4-4d51-9133-7b410ce1d08f",
            "location": "Location6",
            "max_people": 47,
            "date": "2022-12-09T14:23:58.535373",
            "description": "This is the description of EventName6.",
            "participants": [
                "240a9392-56f9-46d5-b619-244ef14cfe10",
                "3cbac43b-4c7e-411d-b1f8-0a3da01f7898",
                "1a122dde-f68c-4e13-9ca5-0ca84fbcddcf",
                "2b8ac8e9-8b47-46a0-a111-39732e195984",
                "0ad600ad-4e2d-49b0-9c75-20ed11db2a50"
            ],
            "created_at": "2023-11-18T14:30:21.418799",
            "updated_at": "2023-11-18T14:30:21.418799"
        }
    },
    {
        "model": "events.event",
        "pk": "be86c262-2c4c-4b38-a669-90970ffb68d5",
        "fields": {
            "name": "EventName7",
            "creator": "63d5fc05-6d02-4a94-82c0-d442e4bdb902",
            "location": "Location7",
            "max_people": 16,
            "date": "2022-12-31T14:23:58.535581",
            "description": "This is the description of EventName7.",
            "participants": [
                "240a9392-56f9-46d5-b619-244ef14cfe10",
                "3cbac43b-4c7e-411d-b1f8-0a3da01f7898",
                "1a122dde-f68c-4e13-9ca5-0ca84fbcddcf",
                "2b8ac8e9-8b47-46a0-a111-39732e195984",
                "0ad600ad-4e2d-49b0-9c75-20ed11db2a50"
            ],
            "created_at": "2023-11-18T14:30:21.418799",
            "updated_at": "2023-11-18T14:30:21.418799"
        }
    },
    {
        "model": "events.event",
        "pk": "d67b8bfc-ce2e-4313-869a-b3d6dc435b50",
        "fields": {
            "name": "EventName8",
            "creator": "b1b430a4-03e5-41ad-a1b1-168737e84c00",
            "location": "Location8",
            "max_people": 69,
            "date": "2023-08-12T14:23:58.535722",
            "description": "This is the description of EventName8.",
            "participants": [
                "240a9392-56f9-46d5-b619-244ef14cfe10",
                "3cbac43b-4c7e-411d-b1f8-0a3da01f7898",
                "1a122dde-f68c-4e13-9ca5-0ca84fbcddcf",
                "2b8ac8e9-8b47-46a0-a111-39732e195984",
                "0ad600ad-4e2d-49b0-9c75-20ed11db2a50"
            ],
            "created_at": "2023-11-18T14:30:21.418799",
            "updated_at": "2023-11-18T14:30:21.418799"
        }
    },
    {
        "model": "events.event",
        "pk": "af8758ca-dd8e-48db-b93f-3a7e4aaa06a6",
        "fields": {
            "name": "EventName9",
            "creator": "8054f888-9714-4f27-8f96-afbb65688998",
            "location": "Location9",
            "max_people": 6,
            "date": "2022-12-15T14:23:58.538195",
            "description": "This is the description of EventName9.",
            "participants": [
                "240a9392-56f9-46d5-b619-244ef14cfe10",
                "3cbac43b-4c7e-411d-b1f8-0a3da01f7898",
                "1a122dde-f68c-4e13-9ca5-0ca84fbcddcf",
                "2b8ac8e9-8b47-46a0-a111-39732e195984",
                "0ad600ad-4e2d-49b0-9c75-20ed11db2a50"
            ],
            "created_at": "2023-11-18T14:30:21.418799",
            "updated_at": "2023-11-18T14:30:21.418799"
        }
    },
    {
        "model": "review.review",
        "pk": "42333353-b330-434a-baa5-aed069a6cc00",
        "fields": {
            "reviewer": "240a9392-56f9-46d5-b619-244ef14cfe10",
            "reviewee": "4bb44f47-51d8-491d-8130-ac9ea02dcab0",
            "rate": 3,
            "description": "This is a review for EventName0's organizer.",
            "created_at": "2023-11-18T14:30:21.418799",
            "updated_at": "2023-11-18T14:30:21.418799"
        }
    },
    {
        "model": "review.review",
        "pk": "e63d298f-b3c9-4667-b798-93c189f4db72",
        "fields": {
            "reviewer": "3cbac43b-4c7e-411d-b1f8-0a3da01f7898",
            "reviewee": "e568322d-430f-41d4-9b88-ede158c84823",
            "rate": 1,
            "description": "This is a review for EventName1's organizer.",
            "created_at": "2023-11-18T14:30:21.418799",
            "updated_at": "2023-11-18T14:30:21.418799"
        }
    },
    {
        "model": "review.review",
        "pk": "f02f8ac3-c231-4396-a80f-d5f216f929be",
        "fields": {
            "reviewer": "1a122dde-f68c-4e13-9ca5-0ca84fbcddcf",
            "reviewee": "0762ca79-661b-48c6-a065-ed83245f65f4",
            "rate": 5,
            "description": "This is a review for EventName2's organizer.",
            "created_at": "2023-11-18T14:30:21.418799",
            "updated_at": "2023-11-18T14:30:21.418799"
        }
    },
    {
        "model": "review.review",
        "pk": "52dae9ea-dc77-46e3-a0cf-8293b2b4e368",
        "fields": {
            "reviewer": "2b8ac8e9-8b47-46a0-a111-39732e195984",
            "reviewee": "2d27a4d9-edfd-4674-96cf-4d3e7588169c",
            "rate": 3,
            "description": "This is a review for EventName3's organizer.",
            "created_at": "2023-11-18T14:30:21.418799",
            "updated_at": "2023-11-18T14:30:21.418799"
        }
    },
    {
        "model": "review.review",
        "pk": "bc6235d3-5616-463b-9953-e732dbc2ff3b",
        "fields": {
            "reviewer": "0ad600ad-4e2d-49b0-9c75-20ed11db2a50",
            "reviewee": "b4d950d5-fd9e-4fd6-ae0e-6053427f013b",
            "rate": 3,
            "description": "This is a review for EventName4's organizer.",
            "created_at": "2023-11-18T14:30:21.418799",
            "updated_at": "2023-11-18T14:30:21.418799"
        }
    },
    {
        "model": "review.review",
        "pk": "6a3afa99-54ea-4a0d-97e6-28e717a19f3c",
        "fields": {
            "reviewer": "e4dd97fd-586a-44bc-9bb7-4984b0ef5183",
            "reviewee": "b08290b1-8089-440e-8ee0-28535a62ff23",
            "rate": 5,
            "description": "This is a review for EventName5's organizer.",
            "created_at": "2023-11-18T14:30:21.418799",
            "updated_at": "2023-11-18T14:30:21.418799"
        }
    },
    {
        "model": "review.review",
        "pk": "494d5260-ab8c-4f55-84fa-dfdf01174464",
        "fields": {
            "reviewer": "da55e0bc-8e17-402c-895e-3122aa915228",
            "reviewee": "d9ef37bc-2de4-4d51-9133-7b410ce1d08f",
            "rate": 2,
            "description": "This is a review for EventName6's organizer.",
            "created_at": "2023-11-18T14:30:21.418799",
            "updated_at": "2023-11-18T14:30:21.418799"
        }
    },
    {
        "model": "review.review",
        "pk": "d0a641a6-9633-4126-833f-966bc3fae851",
        "fields": {
            "reviewer": "b786f4d1-dfcd-4f7c-ab9c-42c431fc01cb",
            "reviewee": "63d5fc05-6d02-4a94-82c0-d442e4bdb902",
            "rate": 4,
            "description": "This is a review for EventName7's organizer.",
            "created_at": "2023-11-18T14:30:21.418799",
            "updated_at": "2023-11-18T14:30:21.418799"
        }
    },
    {
        "model": "review.review",
        "pk": "047916a6-81d8-41a0-8847-0a5804770bfd",
        "fields": {
            "reviewer": "f4d0ad11-62bc-40d6-bae3-dc7407ddfb26",
            "reviewee": "b1b430a4-03e5-41ad-a1b1-168737e84c00",
            "rate": 2,
            "description": "This is a review for EventName8's organizer.",
            "created_at": "2023-11-18T14:30:21.418799",
            "updated_at": "2023-11-18T14:30:21.418799"
        }
    },
    {
        "model": "review.review",
        "pk": "1c09f54e-c61a-40b9-8ded-775cb2ade5bf",
        "fields": {
            "reviewer": "da851d42-afea-44e9-854e-849a56fe9135",
            "reviewee": "8054f888-9714-4f27-8f96-afbb65688998",
            "rate": 4,
            "description": "This is a review for EventName9's organizer.",
            "created_at": "2023-11-18T14:30:21.418799",
            "updated_at": "2023-11-18T14:30:21.418799"
        }
    }
]